0;UNK_0x1
1;NOT_ATTACKABLE
2;UNK_0x4
3;ATTACKABLE
4;UNK_0x10
5;UNK_0x20
6;UNK_0x40
7;NOT_ATTACKABLE_1
8;HERBALISM
9;MINING
10;ANIMATION_FROZEN
11;UNK_0x800
12;WAR_PLAYER
13;UNK_0x2000
14;UNK_0x4000
15;UNK_0x8000
16;UNK_0x10000
17;UNK_0x20000
18;UNK_0x40000
19;UNK_0x80000
20;UNK_0x100000
21;UNK_0x200000
22;UNK_0x400000
23;UNK_0x800000
24;UNK_0x1000000
25;UNK_0x2000000
26;UNK_0x4000000
27;UNK_0x8000000
28;UNK_0x10000000
29;UNK_0x20000000
30;UNK_0x30000000
31;UNK_0x40000000